variable,mean,sd,2.5%,97.5%,rhat,ess_bulk,ess_tail,model
b_b1_Intercept,-0.4175471032515124,0.44552750947547576,-1.2893441054181105,0.45130452670879884,1.0006210753836844,5236.946329162071,5379.715348306147,M1
b_b2_Intercept,0.2481554318760001,0.5430049405100799,-0.8376562667683921,1.3057069242004293,1.0013631739058926,5773.798082612472,5496.240741649521,M1
b_b3_Intercept,1.1084722392790967,0.43605258700307786,0.25295719880820666,1.9632456017879443,1.000922892301451,5261.810810973012,5794.070508766893,M1
b_b4_Intercept,2.675675612809409,0.4879841622681268,1.7278391067920869,3.6445213766854336,0.9997130547847847,6204.044989594937,6051.315741308814,M1
b_b1_date_sc,0.7822654666886937,0.2483862389603789,0.3000253195909567,1.2608279426530045,0.9999337786687663,6830.089074327969,6115.314480357426,M1
b_b1_lat_sc,-0.18978476329299734,0.24396011235753498,-0.6584068456821471,0.29897418310771107,0.9999681251235476,6254.316199670168,6095.908934124495,M1
b_b1_lon_sc,-0.07539322448228601,0.25207541317350074,-0.5768699838281338,0.4160697093700436,0.9999223621456979,6693.521371950668,6900.081574957515,M1
b_b1_habitatmixedDunclearlandscape,-0.3731783828327046,0.9139706420240856,-2.1623131917264446,1.4148034488937746,1.000018142005648,12090.703798936089,6127.130661840717,M1
b_b1_habitatmountainDrockylandscape,1.4701350597287928,0.619877844464684,0.22683497712828962,2.6495422945887293,1.0008759640634421,7169.490412574011,6518.317146948656,M1
b_b1_habitatopencountryside,0.7359862695884513,0.5264884918830265,-0.28499687544934815,1.7839070830774177,1.0011887425296857,6231.853364057474,5975.949655005175,M1
b_b1_habitatriverDlakesidelandscape,0.4905001342946536,0.4983474531385006,-0.47867433156744954,1.4499279996179106,1.0005270005469216,6770.342223781907,6532.6600040054955,M1
b_b1_habitaturbanDarchitecturallandscape,-1.504970788010868,0.5729308344343068,-2.622838774798251,-0.3819537872893419,1.0005815523982922,7143.117986086814,6716.867702770008,M1
b_b1_habitatwoodlandlandscape,1.300340938364703,0.6017851694516934,0.1322065720644964,2.4921233595121906,1.0010581577717874,6734.330806557544,5982.1961644354915,M1
b_b2_date_sc,0.04241735815362991,0.3700656018873411,-0.6866007613564834,0.7727051434747626,0.9999666967903345,6659.496180624893,5891.102105611362,M1
b_b2_lat_sc,-0.6275650483352533,0.349857975286986,-1.3256466298370841,0.041823981558101735,1.0003334627087697,6682.802884212915,6504.910047655192,M1
b_b2_lon_sc,0.10606589852480515,0.3579985799610384,-0.591739187165308,0.8044056733741806,1.0000636690542777,6711.2925842078685,5743.909614654234,M1
b_b2_habitatmixedDunclearlandscape,-0.2653704532893567,0.9514563955122768,-2.1368304301863708,1.6014125953490357,1.0005842403922334,12292.943112415622,5833.570066184025,M1
b_b2_habitatmountainDrockylandscape,0.20807847918291145,0.7371713535735998,-1.2342873600555886,1.6519959103544224,1.000386157508724,9465.785168669767,6269.036288879825,M1
b_b2_habitatopencountryside,2.08098137690486,0.6180658535063842,0.8792951521200412,3.3092368585260554,1.0005384434383835,7924.07401414147,6146.141750960706,M1
b_b2_habitatriverDlakesidelandscape,-0.3804527965773595,0.5803248564208523,-1.5149772950951388,0.7643728636901825,1.0003638389019327,7607.140185333111,6034.084340502307,M1
b_b2_habitaturbanDarchitecturallandscape,0.7169147676617538,0.6586154101845342,-0.5526768391837191,2.039028437018751,1.0000474741427474,8301.315408395567,6353.027828733392,M1
b_b2_habitatwoodlandlandscape,2.2994278612895203,0.7243149526939215,0.8861255806081169,3.696273620584079,1.0001121521206298,9458.206601109501,6701.454738660123,M1
b_b3_date_sc,-0.0750561798239009,0.24421242553384181,-0.5515109489127783,0.39951190065005815,1.0003168658133412,7243.515569649306,6462.541138482621,M1
b_b3_lat_sc,0.36112953247716295,0.24445317387331086,-0.116953442727909,0.8449917152273045,1.0006396954500163,7977.499150448237,6277.469900033085,M1
b_b3_lon_sc,-0.09872872406006501,0.26106625859452487,-0.6074013855809548,0.42772732509576744,1.0002536932682646,6282.5206125655395,5881.777853374132,M1
b_b3_habitatmixedDunclearlandscape,0.8296254217240681,0.9030366819356813,-0.9569754631528374,2.5896319382002546,0.9999558812785309,13695.732827585216,6195.0796834824505,M1
b_b3_habitatmountainDrockylandscape,-0.33866674150408793,0.6299060287879902,-1.591280392878751,0.8674266587964407,0.999799728675212,7757.730155369519,6125.665649728967,M1
b_b3_habitatopencountryside,0.12376294485565015,0.5406827496607737,-0.9251810694632872,1.2018851162327575,1.0002813246032214,6585.65074210362,6034.056093449159,M1
b_b3_habitatriverDlakesidelandscape,0.5364338309708891,0.4993025816696818,-0.4405262408445317,1.5034005443181726,1.0016509162406424,6311.297788482164,6646.352674298643,M1
b_b3_habitaturbanDarchitecturallandscape,0.7549186370713759,0.5797103486175007,-0.3882773278957781,1.9004892064669563,1.0005492273232426,7435.823077743863,6478.009539052168,M1
b_b3_habitatwoodlandlandscape,0.9265025745508035,0.608653501025108,-0.25437989026901026,2.127153786909371,1.0000499929711706,7778.9665914727675,6325.142279174218,M1
b_b4_date_sc,0.03656951382601321,0.29940834343695255,-0.5497554876195953,0.622186800392599,1.0008774416806658,7772.242128587382,5959.396128113945,M1
b_b4_lat_sc,-0.664201061279754,0.2988948131965556,-1.248818213658936,-0.07069338916901866,1.0001696527084847,6786.417913690609,6167.016264300464,M1
b_b4_lon_sc,0.19000334986500694,0.31449037593279294,-0.43907324061606723,0.8027775191506309,1.0001042423445912,7376.783278339429,6251.1733658623625,M1
b_b4_habitatmixedDunclearlandscape,0.19365722111724828,0.9221849717999823,-1.6224842504750194,1.9807444192571362,1.0010263375801147,11485.398223363487,6249.663426658915,M1
b_b4_habitatmountainDrockylandscape,0.43868598633506367,0.6937189165840492,-0.9248525770843412,1.7897592024151714,1.0004945435209858,9243.393783413145,6874.729242943733,M1
b_b4_habitatopencountryside,1.223430990014335,0.6070620750108912,0.00634756072415031,2.382912532467548,1.0003087706756402,7439.470326845764,6201.83350926851,M1
b_b4_habitatriverDlakesidelandscape,-2.408089744257802,0.578413621101934,-3.5288220031114874,-1.2666303322348895,1.0005535637113316,8392.94051615159,6988.933842113501,M1
b_b4_habitaturbanDarchitecturallandscape,-0.5383823717392962,0.6432110201216863,-1.824590912945816,0.721216541056404,0.9998662046927776,8291.281181647872,6838.498699781005,M1
b_b4_habitatwoodlandlandscape,1.417347769751598,0.6793163697675927,0.08246639397649229,2.731966084716161,1.0001350418597894,7904.431746327872,6410.025307152364,M1
sd_painter__b1_Intercept,1.1747270702958996,0.3727167488552664,0.30077791717834934,1.8328541131943878,1.0065839701230335,1038.4690058510816,725.2639055082437,M1
sd_painter__b2_Intercept,2.2839960756897058,0.45132633540957073,1.3800783266410537,3.1753786844375598,1.0017662509937058,2294.9842148208454,2721.8839854371154,M1
sd_painter__b3_Intercept,0.815861679749554,0.4289863017634626,0.05664506464943847,1.662228393337368,1.001235795822645,927.3754644273472,2048.66234262032,M1
sd_painter__b4_Intercept,0.9217221117076478,0.5175728388983196,0.05210846792383336,1.9208653260795017,1.0026856637283064,1270.6007998133082,2364.0054658380286,M1
cor_painter__b1_Intercept__b2_Intercept,0.3186864962903643,0.24763846723103952,-0.2165937816217084,0.746081125119122,1.0024203020960811,1577.0369913211787,2066.3457739648993,M1
cor_painter__b1_Intercept__b3_Intercept,-0.3491767442926598,0.3170785139825304,-0.8392426615599965,0.3905439967072155,1.002663118239486,2464.9593984527455,3647.761793940748,M1
cor_painter__b2_Intercept__b3_Intercept,-0.3706584274302261,0.2987217485508817,-0.8388478604768446,0.33140978561653767,1.0012385649197006,2796.374412537259,4312.808355657984,M1
cor_painter__b1_Intercept__b4_Intercept,0.10766301703823601,0.32371212139383887,-0.5541466458124477,0.6959055260846998,1.0001309280365298,4292.299038345656,5435.092535444273,M1
cor_painter__b2_Intercept__b4_Intercept,0.12679975271288574,0.3141617613417795,-0.5356245161506648,0.6741713472977806,1.0008784411048457,4691.661247223295,4963.0454112992475,M1
cor_painter__b3_Intercept__b4_Intercept,0.11384766397490494,0.35244159430793215,-0.5972234718592231,0.7321468001217387,1.001211730630581,2991.563396050096,4516.165914752911,M1
sigma_b1,2.768076695976198,0.16424718598867116,2.470261866423467,3.1016619569076385,1.0028279107658475,2441.079773144376,2957.1206622979967,M1
sigma_b2,3.878404226133763,0.23586267056355892,3.4382266528756977,4.362936035157819,1.0003487351692293,3804.318590421568,4793.034667718721,M1
sigma_b3,2.9714481864488502,0.1681592733506932,2.651059849514491,3.3101032285780883,1.0008844416159388,2489.2099345886427,4196.668420817746,M1
sigma_b4,3.7672279940297626,0.20366541570095933,3.373330271640816,4.182965400808932,1.0003476931223625,3313.2113959302937,4513.873555839995,M1
Intercept_b1,0.00994350233129303,0.23747236442426845,-0.45852333254943467,0.47595868105576256,1.000756014512725,5164.285724422912,5788.784280287964,M1
Intercept_b2,1.0534477490397562,0.37365115955780615,0.315637938926512,1.7755305387759324,1.000786371185279,5493.514800039418,5862.569136553656,M1
Intercept_b3,1.497574449073935,0.23271799140142,1.0565778394169199,1.963498307042552,1.0001277223040852,5190.594956689612,6373.352615197175,M1
Intercept_b4,2.38342657700644,0.27814225662646014,1.8382376340420827,2.9294700153211086,1.000206953723744,8849.113089224595,6225.406228444286,M1
rescor__b1__b2,0.017653020624609893,0.07918646873238729,-0.13433539214945625,0.16796242269862685,1.0010970209057297,3943.8377640655413,5894.498447092096,M1
rescor__b1__b3,-0.1837382646509435,0.07246291685811715,-0.32281792177324437,-0.04120260759270956,1.0013770569415694,4478.187725399239,5641.668234067482,M1
rescor__b2__b3,-0.05664834730408026,0.07962628518694391,-0.21092450604457125,0.10167634084349438,1.000016175071792,3730.7168853171397,4936.311836579536,M1
rescor__b1__b4,-0.11930359698602022,0.0727181159967089,-0.25901470318273023,0.02700585822702825,0.9998506354240777,6472.232757303607,6460.755574255648,M1
rescor__b2__b4,0.22232314559044813,0.07249328047578965,0.07369532308722931,0.3582224641659044,0.9999738766213517,6226.599589357852,5921.468050827325,M1
rescor__b3__b4,0.13791729347102982,0.07102848116809878,-0.006249704754078785,0.27446333940016976,0.9998924626076815,6517.884013606046,6118.895825456967,M1
b_b1_Intercept,-0.24568067562060486,0.5444191756124861,-1.2823774519773798,0.8324427127778964,1.0002860776292697,7022.638450745657,5746.7170231818545,M2
b_b2_Intercept,0.2830318148234188,0.6091084740242524,-0.9225040798329139,1.494250757354105,1.0005817201285017,8736.398770031812,6047.254339866642,M2
b_b3_Intercept,1.3626110220160337,0.5539902360221428,0.3136488806945593,2.481852466551842,1.0005314461063115,7399.1225354013295,5752.959858447501,M2
b_b4_Intercept,2.618760983925806,0.5448778521198636,1.5307354787940253,3.6730602237765786,1.0004143787925812,8758.44836127252,6244.143416849431,M2
b_b1_date_sc,0.5658286014475714,0.3045103595911271,-0.04575587121744655,1.1479084259250725,1.0004348503651146,6891.301047546849,6936.603468218032,M2
b_b1_lat_sc,-0.10078947118703521,0.2571461141911892,-0.5900050669450119,0.4231394115065219,1.001392092053915,8834.163210924198,5993.581096181404,M2
b_b1_lon_sc,-0.021738204046337715,0.2569083701260516,-0.5212166126185761,0.4749672747036921,0.9999772872580528,10233.305232989576,7094.539098519939,M2
b_b1_habitatmixedDunclearlandscape,-0.444335006123297,0.9112176809820131,-2.2456948902879375,1.3404291823248564,1.000767032356525,19542.725602076796,5763.380761977922,M2
b_b1_habitatmountainDrockylandscape,1.5342630808569728,0.6160942449874309,0.3102983440340004,2.7449815025529873,0.999964609050397,10170.289120592422,6455.743388201274,M2
b_b1_habitatopencountryside,0.7781692133525702,0.5361430720952706,-0.2608999054458342,1.8217575753859123,1.0000212572644689,9303.903591838143,7231.151277991051,M2
b_b1_habitatriverDlakesidelandscape,0.49750301646404027,0.49788588433852277,-0.472409271198048,1.4778868613725404,1.00061479573193,9650.70166507524,7304.361008393939,M2
b_b1_habitaturbanDarchitecturallandscape,-1.5013797551018155,0.5745806655331154,-2.6117557698761957,-0.36709962995145645,1.000354688616929,10293.493775671754,6354.353781419462,M2
b_b1_habitatwoodlandlandscape,1.2584838275770849,0.6019243728405658,0.07432701599808927,2.419668215045239,1.0002357222898077,9705.533839849544,6796.808757421063,M2
b_b2_date_sc,-0.037350665141280846,0.4077997708539955,-0.8554437593027941,0.7506985130322589,1.0000497492440428,8665.571316477075,6664.371467885355,M2
b_b2_lat_sc,-0.5932041946724806,0.36304983129824997,-1.308160377518712,0.11789690029936602,1.0002390397997825,9180.470203296592,6214.619090907605,M2
b_b2_lon_sc,0.12358323598606592,0.365712710973309,-0.5944968506121188,0.8291447289519024,1.0000639866202736,9823.629070983981,6488.169805972386,M2
b_b2_habitatmixedDunclearlandscape,-0.25474254019893516,0.9368894373176078,-2.095855894065591,1.563149089974028,1.001386724137835,19613.38198964729,6420.502829455472,M2
b_b2_habitatmountainDrockylandscape,0.20579744208435075,0.7318630712522282,-1.2108074811319636,1.644933656644687,0.9997408987286748,12341.70759412,6446.970639664668,M2
b_b2_habitatopencountryside,2.067194904644569,0.6245367185222978,0.8339152229320835,3.2709011624159143,1.0001401943883819,11697.935289701283,7260.482061056515,M2
b_b2_habitatriverDlakesidelandscape,-0.39595940260698964,0.5820114804485301,-1.5463191949769144,0.7330349808949229,1.000923162999998,10876.40869274643,6834.823483808492,M2
b_b2_habitaturbanDarchitecturallandscape,0.6893147334858181,0.6839334427640115,-0.6291405459056032,2.0386229815036314,1.0003612142286935,12245.76999846289,7188.935260370599,M2
b_b2_habitatwoodlandlandscape,2.327181275563503,0.7267268800112401,0.8868705501511308,3.7310657704684798,1.0001468424301563,13585.527818216035,6979.5885211471405,M2
b_b3_date_sc,-0.2320662436574832,0.2920545778233243,-0.8122058989385342,0.3260110207445261,1.0000609369997984,9628.234918171507,5655.109747851467,M2
b_b3_lat_sc,0.40880146019379815,0.25646822161217386,-0.08427737188392928,0.9254220996542505,1.0000961034235325,10989.127550523663,7163.499109346847,M2
b_b3_lon_sc,-0.028849294384173652,0.26595065618347735,-0.5438003149306877,0.5128125583339446,1.0000158489098199,11543.05867213987,6085.502987391273,M2
b_b3_habitatmixedDunclearlandscape,0.757723715939001,0.9290821695765172,-1.0662728855244126,2.572857131205216,0.9997951943790053,20711.68979624484,5429.749871948573,M2
b_b3_habitatmountainDrockylandscape,-0.32238968084376884,0.6256832144227498,-1.5401286686035738,0.8995324834419881,1.0000557203330833,10999.510837062517,6708.690662611942,M2
b_b3_habitatopencountryside,0.18475901926321966,0.5382518143640114,-0.8962383445545349,1.2335990133199812,0.999916271428947,9740.814491589257,6553.070782461859,M2
b_b3_habitatriverDlakesidelandscape,0.6083489665504858,0.5029347327856033,-0.38507963605499074,1.5812410498901797,1.0004370975674992,9260.751591595441,6638.549632626594,M2
b_b3_habitaturbanDarchitecturallandscape,0.8083500730336144,0.5830023550742,-0.3472910485626503,1.9402641295783898,1.0007492576003356,10856.78113151193,7263.861618531745,M2
b_b3_habitatwoodlandlandscape,0.7762602032034548,0.6194527872915818,-0.42329531731329234,1.9777341680337361,1.0000293603631598,9939.132476619756,7133.1791771888165,M2
b_b4_date_sc,0.0909661783085376,0.3199793197931178,-0.5341121298339212,0.7445043674572674,1.0000941233562928,11387.92333929514,6772.80222197087,M2
b_b4_lat_sc,-0.7268087435203056,0.31844668570428886,-1.3563116981397096,-0.10661365568595142,1.0005997533642788,10011.044498007404,6359.764032705252,M2
b_b4_lon_sc,0.19324013056443817,0.3190444532725145,-0.41859042101066696,0.8192380265908448,1.000361451616904,11517.624424839549,7142.7336443761205,M2
b_b4_habitatmixedDunclearlandscape,0.1642962550817264,0.9134090327625156,-1.6503940933416799,1.9460826171120198,1.0007344081231269,18381.194010463783,6134.150225375933,M2
b_b4_habitatmountainDrockylandscape,0.4391680445869674,0.6993649712179042,-0.9501946044861463,1.800227654075853,1.0000261358255111,12562.305507619578,6979.521990384745,M2
b_b4_habitatopencountryside,1.2458370203054778,0.6036037528879574,0.07376312100796098,2.413571875693671,0.9997567956404771,10488.48836338986,6091.022968055235,M2
b_b4_habitatriverDlakesidelandscape,-2.3997038488904168,0.5653459812377549,-3.504299884677866,-1.2763561736300544,1.0013123090445784,11330.249254256276,7191.310383553345,M2
b_b4_habitaturbanDarchitecturallandscape,-0.5298723331904667,0.6385823893516085,-1.776524849918772,0.7390649681108863,1.0002824720252526,13447.484011286791,6823.092730322608,M2
b_b4_habitatwoodlandlandscape,1.4172814772494289,0.6752082272239913,0.10124031946555456,2.7193414793629844,1.0000729297707587,12694.267334795473,7150.213332707325,M2
sd_painter__b1_Intercept,0.9799819428644932,0.4216917207515641,0.0885576533174006,1.7326012512688505,1.002621466410966,1281.151110773196,2001.0104428180093,M2
sd_painter__b2_Intercept,2.242204045140751,0.47800786752123264,1.2746474683933264,3.1642289863561412,1.0026448075723802,1895.260792961579,2886.1462307699535,M2
sd_painter__b3_Intercept,0.5882870456272689,0.3962329755271445,0.026813219535637586,1.4521418639137607,1.0024678365143267,1855.867584803199,3927.4720902195727,M2
sd_painter__b4_Intercept,0.9061795914544616,0.5097983270920543,0.0447558469162323,1.8909041138429579,1.0011861167183471,1560.6229503555817,2934.6508720330994,M2
sd_school__b1_Intercept,0.672180961119981,0.4317047395673672,0.03719928946131502,1.6487552783934285,1.0004175433847227,3018.0720575749633,3762.5684754108033,M2
sd_school__b2_Intercept,0.6031071927018851,0.46727961188795164,0.022085376132344885,1.7194540972715853,1.0006275667720563,3850.0647917609617,5389.53764164878,M2
sd_school__b3_Intercept,0.8162705865641802,0.44475526031250595,0.06894495691451089,1.8139537326235797,1.00019273113794,3318.7536068909703,3054.0857673710966,M2
sd_school__b4_Intercept,0.4683718852555526,0.3784074746677328,0.01612201111076713,1.4070234574833844,1.0004846165041874,4338.756962359801,4183.371637456075,M2
cor_painter__b1_Intercept__b2_Intercept,0.2389122284449329,0.28618918975071517,-0.399185209015645,0.7230304706468935,1.0060483620828897,1326.6244176128273,2029.793165608204,M2
cor_painter__b1_Intercept__b3_Intercept,-0.256362431434092,0.36737426642309073,-0.8305504963267542,0.554741727534871,1.0002699019024943,3863.2088025869843,5772.040541712809,M2
cor_painter__b2_Intercept__b3_Intercept,-0.2699594868666626,0.3431184168071975,-0.8081407596324904,0.5016696903277803,1.0003753223357696,5663.351190731317,5932.877387336415,M2
cor_painter__b1_Intercept__b4_Intercept,0.13874023955174125,0.3439652511443487,-0.5738528001602102,0.7360602808273388,1.0001340292764427,5449.436213318091,5778.401087595966,M2
cor_painter__b2_Intercept__b4_Intercept,0.15936977405453348,0.31363815350086666,-0.5024755514633197,0.7149092329332081,1.0007065987799004,6063.674858289365,6040.759178731776,M2
cor_painter__b3_Intercept__b4_Intercept,0.06019533227613457,0.3600444688142139,-0.6489543806184813,0.7156116056900054,1.000259189697188,4798.312602524198,6808.15354825609,M2
cor_school__b1_Intercept__b2_Intercept,0.11344189281216134,0.3688074261302047,-0.6172465191510123,0.7579833593735961,0.9999246144949533,10563.335928475815,6429.756018715613,M2
cor_school__b1_Intercept__b3_Intercept,0.030690777134347924,0.3524855420270616,-0.6513531312518634,0.6800774617605648,1.000484504461148,8293.00862488391,6103.30892627291,M2
cor_school__b2_Intercept__b3_Intercept,-0.11249154814939587,0.3684925810193878,-0.7656942199621343,0.6303561690856612,0.9999913596274815,6640.287768946779,6966.365507006779,M2
cor_school__b1_Intercept__b4_Intercept,-0.06785241481609934,0.37255978857910055,-0.7474261595723437,0.650007578683927,1.000694880340897,12153.547900657826,6198.235632059852,M2
cor_school__b2_Intercept__b4_Intercept,-0.06315527107927617,0.3746522475322578,-0.7428445895695371,0.6627384288925494,1.0005514073923725,9957.155280786059,5347.50523053664,M2
cor_school__b3_Intercept__b4_Intercept,0.10698225400227868,0.37185007266821646,-0.6454646224146295,0.7541144521563358,0.9999048455276749,8946.437443024275,6605.998279339259,M2
sigma_b1,2.78926028529904,0.16340106009205654,2.4816753971673458,3.1190643593578455,1.0012340304114908,3102.880664156593,5205.195640799982,M2
sigma_b2,3.881488401359453,0.23970115575330556,3.4504355593579494,4.3812989879786,1.0009260169226537,3347.12505040288,4429.064141681209,M2
sigma_b3,2.960858621735789,0.157079371747793,2.6610305354630057,3.279951203245393,1.0003908990701096,5552.610101323946,5484.934070138381,M2
sigma_b4,3.7673920514748636,0.20517982003172003,3.3779044313776945,4.189918772431132,1.0000494939555493,4406.287479691965,5311.218835114399,M2
Intercept_b1,0.1962504733326863,0.3948477686841256,-0.5274991561604712,1.022557709309382,1.0004249167895993,6393.608427720706,5743.485979509946,M2
Intercept_b2,1.0793132604572835,0.4765550928513846,0.14107223310906494,2.0249340093393617,1.0002636160642657,8047.665586428967,6286.873414352842,M2
Intercept_b3,1.779616781989698,0.4211196370196537,1.0348808359323527,2.6951601773702802,1.0003399978141236,6816.491444782634,5556.985436943473,M2
Intercept_b4,2.3356878581989764,0.37712718495945874,1.5644453920488965,3.050781814412838,1.000057793787218,8700.528715919516,5674.229147627811,M2
rescor__b1__b2,0.025274531446625354,0.08010952992016024,-0.13405489405509557,0.18362548156086558,1.000490605850751,4520.211058525159,5001.763913552882,M2
rescor__b1__b3,-0.20459427224760898,0.06905724061817485,-0.3347095179177151,-0.06413460478000266,1.0014212601476438,7060.243620982741,5927.183394950345,M2
rescor__b2__b3,-0.05988923869750591,0.07876185563887508,-0.20950933344057676,0.09661947775564486,1.0000041542964182,7110.91958425622,5967.970092414371,M2
rescor__b1__b4,-0.11191021233782103,0.0728222874500185,-0.2528466320029596,0.03274246515686017,1.0001465786957653,7656.585313331311,6104.6261795698165,M2
rescor__b2__b4,0.22466256571504375,0.07105519606052796,0.07956810604796104,0.3588083344032816,1.0001059897124545,9007.229545312726,6835.967595450611,M2
rescor__b3__b4,0.13675178907756658,0.06848232059316882,0.0029758480387819994,0.268354449181593,0.9999873414195457,9965.90340126322,6444.150641992475,M2
b_b1_Intercept,-1.3449121965544353,0.5554403730399856,-2.428228317493147,-0.24632624187745844,1.0002418674437235,5890.4354352721,5964.279065062331,M3
b_b2_Intercept,0.17615743070608716,0.9090598044222211,-1.5997668314810765,1.961475740707391,1.0006998992963607,6299.9753069317485,5972.8580161615455,M3
b_b3_Intercept,0.43539550693660034,0.6327637767559708,-0.8068330916885975,1.6784269213659049,1.0005619187343089,6911.7918517871385,5793.077387449956,M3
b_b4_Intercept,2.9519373807693587,0.7684856325054886,1.431109808041114,4.445033754057751,0.9999131787433727,7292.5414735736185,5800.2578578802995,M3
b_b1_date_sc,0.33921868820105716,0.3999444318472311,-0.44378350206925216,1.124867201276672,1.0000392433905045,9035.289414465891,5750.915756385748,M3
b_b1_lat_sc,0.40873615557843407,0.2664559025178384,-0.1086143018942827,0.9294305485770532,0.999820648764984,6575.984624292045,5975.318341484175,M3
b_b1_lon_sc,1.1278334363533755,0.38526133829251497,0.3713241063637782,1.8794578711038272,1.0004119772153457,7138.448335525185,6696.76621071931,M3
b_b1_habitatmountainDrockylandscape,0.7088796424933919,0.7192508473418713,-0.6837348002179592,2.115206741882487,1.0001259876052806,6849.0688040843,6307.076966317565,M3
b_b1_habitatopencountryside,0.6745002993121255,0.5597298729837844,-0.4452491032697003,1.7677706778973548,1.0004604327538122,5682.884126748667,6666.306101303385,M3
b_b1_habitatriverDlakesidelandscape,0.6696554830832662,0.5390044654741016,-0.39183213872421,1.7243113874854599,1.000442966339578,6175.737982235662,6232.824423565465,M3
b_b1_habitaturbanDarchitecturallandscape,-0.7561343248644475,0.6364888807508047,-2.0301495120651727,0.47447028812816516,1.000178312158851,7053.440552390229,6004.672366557281,M3
b_b1_habitatwoodlandlandscape,0.27600967145103966,0.7068889519313525,-1.1235172048769888,1.660252357957824,1.0004571073263284,7565.782001370331,5831.027965020129,M3
b_b2_date_sc,-0.5740641779865585,0.6662633520377588,-1.872521069504566,0.7242675854156295,1.0000918321807966,8535.33875490478,6029.574509285553,M3
b_b2_lat_sc,-0.888672110571962,0.5082518698437153,-1.8778595399497404,0.11534154581409767,1.0005061750160127,6901.605799919092,6290.996765814324,M3
b_b2_lon_sc,-0.3556799825146837,0.6321975354939808,-1.5949547295666235,0.8633642515427505,1.0003350892157468,6719.707603614596,5766.026077931406,M3
b_b2_habitatmountainDrockylandscape,0.3829999987888734,0.8689121353771111,-1.3203312440241102,2.080174972042233,1.0002719076358106,11594.459910761956,6245.819270112872,M3
b_b2_habitatopencountryside,1.636717679981152,0.7380978794704317,0.1570875040105503,3.061912238726481,1.0002365552878463,8086.300702527797,6039.372547849997,M3
b_b2_habitatriverDlakesidelandscape,-0.9201698067090733,0.7084443722009757,-2.320430277479189,0.4554679499221776,1.0002390673677042,9378.067665316701,6273.374436787442,M3
b_b2_habitaturbanDarchitecturallandscape,0.028318250904243673,0.8177659204740935,-1.5843167801076665,1.6262041930486881,1.0000648320051675,8278.285943196022,5647.952679202133,M3
b_b2_habitatwoodlandlandscape,1.2877571070306495,0.8526779904207059,-0.39608604935921454,2.9586727673743694,1.000786160856729,9958.686571166036,5812.015293855388,M3
b_b3_date_sc,-0.5071256728138069,0.4770024547820083,-1.4275465126161848,0.45541142374295795,1.0003479347105382,11096.998121634993,6377.9769890713,M3
b_b3_lat_sc,0.40012934406223866,0.3198323548402725,-0.23700623063142004,1.0062727764088124,0.999931625639998,9035.773692043793,6539.303817668815,M3
b_b3_lon_sc,0.19172505582028967,0.4548513840556826,-0.6984630970700368,1.077183802926645,0.9999967180215342,8158.90115924862,6081.961672264513,M3
b_b3_habitatmountainDrockylandscape,-0.13093707324910941,0.7845710317916457,-1.6237522884297542,1.4257609194696352,1.000119084193117,7943.7104271809885,6158.057365288022,M3
b_b3_habitatopencountryside,0.3710225496154255,0.6248876700835106,-0.8662870892784161,1.576107888545039,1.0003540767878065,7659.939482487506,6588.057717785936,M3
b_b3_habitatriverDlakesidelandscape,0.43167105080608537,0.6036462170516205,-0.7450428175254745,1.5999873302333052,0.9998088050732846,7529.794666944272,6082.456270878273,M3
b_b3_habitaturbanDarchitecturallandscape,0.45834199737824727,0.7291580274607479,-0.9768838359000259,1.8967528531263713,1.0000216045950046,10365.177523760858,6613.583601606337,M3
b_b3_habitatwoodlandlandscape,0.12788721837625291,0.7832553567846834,-1.4111292903911679,1.6615510540505485,1.0009003677258033,9222.190672640676,5535.252094518128,M3
b_b4_date_sc,0.40454453272353375,0.5976725337764334,-0.7652744834903162,1.5782698163490299,1.0009768797117748,9417.837859772346,6199.841947637334,M3
b_b4_lat_sc,-1.0149483837976851,0.4368021209842186,-1.8602272888390252,-0.15718163364392504,0.9999400998416892,8525.400908904378,6718.115822372673,M3
b_b4_lon_sc,0.22689533386228897,0.553379039386048,-0.8724566337395792,1.3027159998293378,0.9999617315475062,8051.374716412727,6578.355429481504,M3
b_b4_habitatmountainDrockylandscape,0.6112970876275929,0.8525531297596086,-1.058549031474398,2.262547151528896,1.0008263690388106,8594.046775328785,6276.660539949759,M3
b_b4_habitatopencountryside,1.5037695797237571,0.6840163412406964,0.1859645035418518,2.806741663115235,1.000139226796234,8725.808923294828,6727.900424310458,M3
b_b4_habitatriverDlakesidelandscape,-1.9502562620346096,0.6783778002656882,-3.2667750696509987,-0.6011291799954132,1.000090792323186,8671.809887676302,6557.071237351148,M3
b_b4_habitaturbanDarchitecturallandscape,-0.7291928483446608,0.7860614097926962,-2.23287926745865,0.8060393759871678,1.0005839752163141,10229.02057212485,5977.581631174291,M3
b_b4_habitatwoodlandlandscape,1.4671020794696015,0.8405403438030596,-0.17474695785357006,3.093983772297383,1.0006012098358499,8186.568710375909,5877.068427002572,M3
sd_painter__b1_Intercept,0.6994682424038309,0.3782394538409182,0.04700733037096711,1.493578430147006,1.0034353112065628,1390.3248958995616,2197.530344416456,M3
sd_painter__b2_Intercept,2.8070252519873096,0.76262122976227,1.15451380573878,4.23865305232901,1.0039101145759892,1071.1549957558955,578.6307580784451,M3
sd_painter__b3_Intercept,0.5083301008729053,0.4162471666971339,0.015675650503230814,1.5270730106845334,1.0009087527610823,2304.4481885290543,3524.5580649680355,M3
sd_painter__b4_Intercept,1.5960150034913032,0.7245547916852254,0.13620656365273556,2.946644362282634,1.0032957615344147,1438.3930806592284,1715.961920805241,M3
cor_painter__b1_Intercept__b2_Intercept,0.42903033496817294,0.30594693812965795,-0.3364717601389695,0.8663118414752095,1.0048882904736431,1017.7038997909087,1442.6503581786653,M3
cor_painter__b1_Intercept__b3_Intercept,-0.06940250097049462,0.3711155641156865,-0.7325626946587968,0.6487246898733797,1.0014978360995874,6355.009724243597,5790.266588318703,M3
cor_painter__b2_Intercept__b3_Intercept,-0.029416172862630575,0.36159082361849776,-0.70475136788902,0.673571479737044,1.0002874370335308,7346.025640546699,5260.200814086203,M3
cor_painter__b1_Intercept__b4_Intercept,0.16021739186782508,0.3385255823991059,-0.5429751162347275,0.7587891137912759,1.0013133505206655,2093.6229183803034,3606.872422731062,M3
cor_painter__b2_Intercept__b4_Intercept,0.28545994896327404,0.2897066976797671,-0.36859810265350695,0.7697624193510749,1.001591179820586,3335.0554322737453,3532.731220602492,M3
cor_painter__b3_Intercept__b4_Intercept,0.14273913808796848,0.3769490192729346,-0.6215057771930951,0.7859184905924895,1.001554014324891,2415.1151420072792,4168.337154104568,M3
sigma_b1,2.305795427659636,0.18128570372730973,1.9779065097833717,2.685711254182323,1.0016126456189105,4156.896354939362,5688.104616660712,M3
sigma_b2,4.027443296710435,0.3806427595876786,3.3727017768325336,4.883958946934438,1.0014060363151833,1730.5562381726638,1508.2125681618202,M3
sigma_b3,3.0094464270128243,0.21898375157518005,2.6146713900830734,3.472162252434089,1.0011301991735704,7405.868379142457,5443.781952720714,M3
sigma_b4,3.676923429392742,0.32913293868541255,3.0838845803190265,4.37316864780054,1.0017543051035338,2741.6374469710518,4848.622080557888,M3
Intercept_b1,-0.8419348988163046,0.273069110187789,-1.3856239482655304,-0.31192734631741525,1.0016364536724665,4891.067071657758,5296.882467512207,M3
Intercept_b2,0.48544782879690385,0.6518547565379003,-0.8100174359607146,1.7488561034316361,1.0012214289525139,4029.3835542242787,5758.632929636391,M3
Intercept_b3,1.3046458066846507,0.32166259841131106,0.683594209006011,1.9489178693696267,1.0002413724320582,7562.8834359932835,5959.910364939992,M3
Intercept_b4,2.146987494633781,0.4810929921473285,1.2044277033572892,3.1098617752317397,1.0003427006695702,6504.6815698316595,5669.965670463797,M3
rescor__b1__b2,0.16377679146136725,0.11137653062820567,-0.05797755121296316,0.37133522909592237,1.0012095182537093,3237.93142409133,4962.266860507473,M3
rescor__b1__b3,-0.1544311093479759,0.095759270001232,-0.3384494953534455,0.03942636421605631,1.000267745896571,8928.73385951251,5930.24667819906,M3
rescor__b2__b3,-0.1047452609870802,0.1055133093118548,-0.3085938333724135,0.10160349656289583,1.0005173119782276,7019.655375074513,6090.1949698798435,M3
rescor__b1__b4,-0.03816178338252097,0.10584362867554531,-0.24267371439404006,0.16714318227143857,1.0008179058472,6347.930730620311,5780.110683152492,M3
rescor__b2__b4,0.062383356746356755,0.11453731959960349,-0.16519771288376217,0.28117254997284685,1.0005321348222493,3786.337118614619,5266.973029005282,M3
rescor__b3__b4,0.029033462219211475,0.10512233423175692,-0.181094472090378,0.2359623181430825,1.001105965822491,5592.776983412871,5286.0835993768105,M3
b_b1_Intercept,-0.3864143575372079,0.4454552285389078,-1.2557608443317885,0.4862317420609431,1.0003784825553086,4428.078552662228,5446.017408840022,M4
b_b2_Intercept,0.2622029014817767,0.5443727824857846,-0.7792540855557458,1.3382495474265903,1.0010436952559738,4858.483545664503,5613.136068976288,M4
b_b3_Intercept,1.100091759383333,0.44038238764223997,0.23440633055559393,1.967507263769999,1.000177696561432,5178.142024311907,6081.166970779577,M4
b_b4_Intercept,2.68040367042121,0.47642254129601486,1.7506296173252998,3.615489840932961,1.0004093470686728,5820.967448151714,5834.018781122258,M4
b_b1_lat_sc,-0.2057942589295007,0.24614710463587597,-0.6767087646985148,0.28018768522905196,1.0001525941034028,6531.023815628856,6326.219687408158,M4
b_b1_lon_sc,-0.12132474027963565,0.25810280225045257,-0.6155679487471942,0.3876273434846907,1.0003517676318316,6980.162063143291,5639.605918473683,M4
b_b1_habitatmixedDunclearlandscape,-0.3554300827938612,0.8920541028412604,-2.09162967155067,1.4035422427703654,1.001471743512976,11265.24065499645,6384.107520786531,M4
b_b1_habitatmountainDrockylandscape,1.4612190268959786,0.6260994354750797,0.23399333090218094,2.6895704351766536,1.0000093828268501,6633.5748231168345,5750.3449030303445,M4
b_b1_habitatopencountryside,0.6813573824697067,0.5287110030032602,-0.36693433602273356,1.7220001238284421,1.0000725881512662,5525.571234586221,5692.668320065392,M4
b_b1_habitatriverDlakesidelandscape,0.4806353757651369,0.4974108254858263,-0.49749877270678583,1.4406072636002243,1.0004703431446647,5689.528434726433,6197.809590890935,M4
b_b1_habitaturbanDarchitecturallandscape,-1.5384186786570913,0.5677267326183516,-2.664739557913304,-0.41865273945715115,1.0004771289994658,6179.223319725044,6282.795696167081,M4
b_b1_habitatwoodlandlandscape,1.256984810231191,0.6012383301813923,0.09698858626990778,2.4603288854104055,0.9998485843547922,6389.395372405381,5624.734913101858,M4
b_b2_lat_sc,-0.6374478748985782,0.35458049599376096,-1.3454265468803184,0.05683447117549008,0.9999393985541187,6341.759495902112,6206.2779638412885,M4
b_b2_lon_sc,0.09427532186013562,0.35460913481110656,-0.6057946059850977,0.7822449137292713,1.0007432861430645,6821.689359759713,6055.5810438065755,M4
b_b2_habitatmixedDunclearlandscape,-0.2517041876324874,0.9526356079897443,-2.1236494702543305,1.6249510903214912,1.0002440532517407,12080.085678499221,5731.208901276436,M4
b_b2_habitatmountainDrockylandscape,0.21462571345436585,0.725199951283754,-1.2282574244263753,1.6307863228728514,1.0005372183324923,9150.54835516737,4858.235517943588,M4
b_b2_habitatopencountryside,2.0725291928668534,0.629902136864929,0.8005597589557654,3.3010089998770353,1.0001790725841533,7062.210795139759,5761.311248553699,M4
b_b2_habitatriverDlakesidelandscape,-0.3906343039140732,0.5918105473074207,-1.5701040931909536,0.7673604348746442,1.0006399727374178,7029.115575524392,6400.07908281688,M4
b_b2_habitaturbanDarchitecturallandscape,0.7451121156697583,0.6861591856958691,-0.6117845502078477,2.0926020255958084,0.9997804298120277,7378.24881413914,5981.246368734048,M4
b_b2_habitatwoodlandlandscape,2.301030174538603,0.7317722277510271,0.8297936443301684,3.718538472737713,1.0009038782778603,8014.307247067967,5821.009142334651,M4
b_b3_lat_sc,0.37444451056592654,0.24041883849986936,-0.10020306480385241,0.8452409962289575,1.000108647052506,7975.180898843465,6515.989908000726,M4
b_b3_lon_sc,-0.08347320078637978,0.2531261751818112,-0.5765660470351968,0.42053357318194434,1.0002874458405424,7771.6555066113915,6618.015092620532,M4
b_b3_habitatmixedDunclearlandscape,0.8112311390434084,0.9239303526806861,-0.9736400381433017,2.6116227601727675,1.001779826988089,13134.012562705426,6281.830247118455,M4
b_b3_habitatmountainDrockylandscape,-0.3492519827307298,0.6195853051438676,-1.534563985629101,0.8675852056641402,1.0001723257973925,7240.864641222511,6122.545073625567,M4
b_b3_habitatopencountryside,0.13855714353663776,0.5393307875303592,-0.9320452063388388,1.1820944065861232,1.0001427706248,6012.146215149265,6103.800412344727,M4
b_b3_habitatriverDlakesidelandscape,0.5401371473946234,0.507100786267299,-0.45008126081998767,1.5246684967669466,1.0001397461776098,6653.4832614400875,6394.25216481325,M4
b_b3_habitaturbanDarchitecturallandscape,0.7525679086743382,0.5689329956123637,-0.3771889883265767,1.8825530249551083,0.999970268793794,7103.987616784295,6525.579487872238,M4
b_b3_habitatwoodlandlandscape,0.9323682744916721,0.6151614470022742,-0.26268928104277406,2.1359219524686672,1.0001749939874647,7156.988401464031,6465.444368206918,M4
b_b4_lat_sc,-0.6602257453319571,0.3000475920983716,-1.2330702607250135,-0.07325657202677249,1.000148956725927,7506.692901233795,6463.835402902397,M4
b_b4_lon_sc,0.19499722154775398,0.30515477464106544,-0.41635141554972677,0.800058403151834,1.0000346883203617,8071.08213105702,6254.328710768827,M4
b_b4_habitatmixedDunclearlandscape,0.18586125693165506,0.9463086177932203,-1.6951408815904971,2.0416057860625294,1.001702220605619,12220.795223521713,5693.650215244262,M4
b_b4_habitatmountainDrockylandscape,0.4388124904310039,0.6969952345215484,-0.9001320570691637,1.7874056738818818,0.999955636617547,9906.482861987222,6473.589897429464,M4
b_b4_habitatopencountryside,1.2202299349187313,0.5950601975074052,0.05202622785489716,2.386187262775616,0.9998313065388985,7772.461464399531,6570.447140026367,M4
b_b4_habitatriverDlakesidelandscape,-2.418332651417108,0.5642768518646033,-3.533871058739996,-1.3229565615781333,0.9998995229696368,7592.3733962430715,6141.610770994419,M4
b_b4_habitaturbanDarchitecturallandscape,-0.5322676382409913,0.6419242958410288,-1.7846494842605216,0.7177831660026842,1.000252165196664,9329.186843266598,6466.867999845297,M4
b_b4_habitatwoodlandlandscape,1.415395161064115,0.6752574344180361,0.09874140961030183,2.7263347929008015,0.9996982288128451,8591.946089222683,6410.117338175903,M4
bs_b1_sdate_sc_1,0.6192183537177134,1.0346996448351942,-1.4640183641987168,2.557676443644236,1.0007300924701268,6716.245404364674,5808.830456694435,M4
bs_b2_sdate_sc_1,0.04638744558457091,0.9130316073677365,-1.7683708241947824,1.8432168873117978,1.000082068406892,10759.25102183672,6245.844869500926,M4
bs_b3_sdate_sc_1,-0.1307219769820132,0.8313559595978508,-1.758383078007725,1.5300875356752017,1.000829172006494,9179.52350744856,6404.070578271394,M4
bs_b4_sdate_sc_1,0.06486370340340152,0.8649038998638402,-1.6469382827312078,1.749186314091022,1.001098683095221,10616.461994210358,5931.3756192394085,M4
sd_painter__b1_Intercept,1.1714436309035055,0.3754203850605336,0.28760358408450565,1.8422856653852693,1.0039020629504172,1264.0831447264475,937.1314271044971,M4
sd_painter__b2_Intercept,2.279920617093448,0.4628157597957331,1.3365670244888692,3.166564083216395,1.0014171935860186,1516.3032620213628,1282.9821356559996,M4
sd_painter__b3_Intercept,0.806781743380616,0.4292571158995481,0.04861193929061322,1.6372949127355518,1.0028971678954122,1046.8990697013326,1961.6673431223592,M4
sd_painter__b4_Intercept,0.894099012347871,0.5173945618569045,0.03843481002182102,1.897897189038863,1.0026479388040872,1137.8792620975016,2463.7560231739403,M4
cor_painter__b1_Intercept__b2_Intercept,0.32216259563082517,0.246886308555422,-0.19819701934873338,0.7508146485976929,1.001863964307649,1193.1168806121073,1635.1348240920645,M4
cor_painter__b1_Intercept__b3_Intercept,-0.3485696918568249,0.32317483439599654,-0.8430950192718011,0.4008038120735167,1.0021563412004246,2071.7295866191944,2668.8520251363598,M4
cor_painter__b2_Intercept__b3_Intercept,-0.3659701767766545,0.3010865377931757,-0.8315377117587701,0.3574525667267507,1.0011661535068048,2712.1918649672293,3120.5850449872246,M4
cor_painter__b1_Intercept__b4_Intercept,0.12118547582896809,0.3267414163116082,-0.5509430846076702,0.7211563220369278,1.0008878690254166,3590.3080379723806,4791.75887347371,M4
cor_painter__b2_Intercept__b4_Intercept,0.12407556044461238,0.3176798842582062,-0.559131057769313,0.6835990029296783,1.0001657975249676,4197.20217631696,4624.770593161194,M4
cor_painter__b3_Intercept__b4_Intercept,0.10038006228256273,0.3575576834975332,-0.6212246896159054,0.7137204914429871,1.0017320943523664,2684.7568840355275,4211.522417274404,M4
sds_b1_sdate_sc_1,0.9599235179696527,0.7199543158897382,0.05742820894743051,2.8775681105263815,1.000320307607418,3281.712701573146,2443.161719825016,M4
sds_b2_sdate_sc_1,0.6885692663962952,0.6792182879824084,0.019986023760895838,2.449205594787478,1.0002728458793488,5166.300060881652,4238.675679538081,M4
sds_b3_sdate_sc_1,0.5309977800090253,0.5458827164457415,0.014061424974843613,1.9541223478961887,1.000003226600746,5003.037718312998,4361.14683214594,M4
sds_b4_sdate_sc_1,0.5148994168832914,0.5124204026912615,0.015069757146045528,1.8912082692025112,1.0003135889546944,5431.839926435659,4325.577882642445,M4
sigma_b1,2.775856137207899,0.16423779263959246,2.4739648695781824,3.118497839371787,1.0015078122872465,2612.5342896636203,3434.859598051451,M4
sigma_b2,3.873504255851228,0.23835744499018843,3.4440580988993195,4.377927174181307,1.0007895513934393,2733.5314864065735,3768.3241002223995,M4
sigma_b3,2.9675256306610724,0.16845421105963393,2.6449791364132933,3.3053481245898553,1.0010094751165934,2633.7939768109886,4289.6211054198975,M4
sigma_b4,3.7694542664012225,0.20641092074721398,3.3727532072733433,4.185851885025252,1.0011534874073482,3122.4482748982077,4877.160656502821,M4
Intercept_b1,0.013481475546749092,0.23583321720439718,-0.46151777578858305,0.4656751030132528,1.0007324994874751,4412.451131450205,6198.51441228685,M4
Intercept_b2,1.0674490253390314,0.37369413477637276,0.33737726004345897,1.791243140142265,1.0019262654251173,5116.1915392812,5623.61140582639,M4
Intercept_b3,1.4930554178682796,0.23554606539276776,1.0512642643645793,1.9673155772673918,1.0010039441340137,3963.7803078121538,5679.76189993062,M4
Intercept_b4,2.384828973800413,0.27882707409707724,1.8438271035528169,2.9413880762199254,1.00094309667693,7254.740136265949,5481.71537955868,M4
rescor__b1__b2,0.023093214156469546,0.07790045378699197,-0.12784888558147112,0.17224796548115115,1.001117257846961,3213.7413033225735,5654.816414421623,M4
rescor__b1__b3,-0.18489833971190403,0.07338089415131324,-0.32411509326555804,-0.03789437880603129,1.0013700475680136,4007.2833497054526,5540.360740827429,M4
rescor__b2__b3,-0.054441400998540286,0.08057147512370119,-0.20976025259326628,0.1047860050017374,1.0008115652396448,3763.3876673727914,6078.933080474846,M4
rescor__b1__b4,-0.11686772831054977,0.07254124023852908,-0.25864333869060807,0.0273623056478426,1.000701349107864,6307.02598140019,6014.413698521548,M4
rescor__b2__b4,0.22133950744191874,0.07208024602007612,0.07612822681506363,0.3575309441018117,1.0000331613954392,5424.973141874403,5973.044350433741,M4
rescor__b3__b4,0.1388365949089947,0.06998278706367576,-0.003640495962796515,0.27030487700130024,1.000206666342465,6759.916772482399,5907.957533762443,M4
s_b1_sdate_sc_1[1],-0.029378881740385387,1.1469753808574623,-2.3938466708852775,2.394607016216769,1.0003913043687827,11171.16005773289,5961.30314615023,M4
s_b1_sdate_sc_1[2],0.009295277866115049,1.0029879560669648,-2.096564812601854,2.0640064862526013,0.9998153223577768,10512.810253589236,7134.952829105182,M4
s_b1_sdate_sc_1[3],0.7509095055332181,0.6365536224981571,-0.21904371070507916,2.1067482125838217,1.000037765784656,4097.197134688528,5821.244251436839,M4
s_b1_sdate_sc_1[4],-0.23846545378929793,0.9161204741149218,-2.4001203214732993,1.471550950209044,1.0004471246789006,7845.78162277655,6571.463314511053,M4
s_b1_sdate_sc_1[5],0.43301053531708417,1.3160746800626864,-1.6149237410696766,3.625216783854531,1.0006648599770056,8070.947039087066,5347.570018126946,M4
s_b1_sdate_sc_1[6],0.2440598928328203,1.0785841237532492,-1.907980317601982,2.704046546150628,1.0002180515354968,9801.304476619722,6332.3662443378025,M4
s_b1_sdate_sc_1[7],0.0749268818268102,1.1532201169744378,-2.3123830463440385,2.57510830154236,1.000553440857943,10876.749841440027,6306.7591256569585,M4
s_b1_sdate_sc_1[8],-0.0034673717598770353,1.1515707696818196,-2.592794827035382,2.28904075146218,1.0006637513018413,10428.548260853951,5803.1042131715185,M4
s_b2_sdate_sc_1[1],-0.051675614445529594,0.9275628336918019,-2.076495899805182,1.8453514849864703,1.0006823711678237,10188.374894213834,7068.380340166803,M4
s_b2_sdate_sc_1[2],0.17040532002378017,0.8837975841665833,-1.4471006432905713,2.282876613326704,1.000655408620556,10288.357044646258,6260.348003943043,M4
s_b2_sdate_sc_1[3],-0.18851579156204168,0.568439960721146,-1.6095781915540948,0.7780173346571801,1.0002371247691686,7301.197271359304,6354.010240317938,M4
s_b2_sdate_sc_1[4],-0.25332888636024375,0.8612130470864828,-2.510095844204246,1.1581352163841894,1.001049552162332,9154.240838522279,6103.135661694854,M4
s_b2_sdate_sc_1[5],-0.05896704647557328,0.9463941443303534,-2.2140985949729557,1.780641346645747,1.0004080257372365,9833.290362898388,6316.5393089888385,M4
s_b2_sdate_sc_1[6],0.24346428219088273,1.0204723621515415,-1.3101289368370697,2.868018622814084,1.000087004326154,9230.241358190176,6470.269082796466,M4
s_b2_sdate_sc_1[7],0.03396651002172996,0.963695252129704,-1.9994662950270665,2.075841910492737,1.000783499468261,11217.579496165925,6834.009906909907,M4
s_b2_sdate_sc_1[8],0.031314733389846985,0.9570799898826163,-1.9441835483495025,2.0675970385973885,1.0008989463094409,11351.798953739812,6781.289418090085,M4
s_b3_sdate_sc_1[1],0.09418187410334912,0.8067538843344383,-1.3478699916288932,1.9624041221893718,1.0000762361641082,10068.645019731071,6976.051769179628,M4
s_b3_sdate_sc_1[2],-0.041693495958932514,0.6694605725160482,-1.4646299343401876,1.3556177239686629,1.0000346345055802,10015.858965647229,6755.647739367376,M4
s_b3_sdate_sc_1[3],0.10484525576765208,0.40576349601890843,-0.6339516579540588,1.063124460017112,1.000129199723958,7043.26022456249,6796.477612803616,M4
s_b3_sdate_sc_1[4],0.17606162050093124,0.630444178797171,-0.8638133322784286,1.7859139893139888,1.0001003756742424,8897.739951288428,7211.066522148805,M4
s_b3_sdate_sc_1[5],0.011137946221409577,0.7307836783305376,-1.5529715745105188,1.5474065192604138,0.9999317063695308,10717.579074798883,6542.049553212357,M4
s_b3_sdate_sc_1[6],-0.10736238042095794,0.7685885604040508,-1.88186208171248,1.2287839201238182,1.0000284002728557,9758.14991394655,6832.658669654254,M4
s_b3_sdate_sc_1[7],0.013789646254795031,0.7467603221342491,-1.5610560489295908,1.517776874451407,1.0006399619022037,9390.116096853853,6123.471586976895,M4
s_b3_sdate_sc_1[8],-0.04141887412800444,0.7455350323901664,-1.645517318550278,1.4196124936513952,0.9997031978330193,11163.551685678662,6873.607614615025,M4
s_b4_sdate_sc_1[1],-0.010947228240626038,0.6881179145497187,-1.5477322037384402,1.3993102385212444,1.0004022817696108,10903.055812832752,7127.280946339944,M4
s_b4_sdate_sc_1[2],0.08039773721157548,0.6635301272250128,-1.1871089407888173,1.638875343149855,1.0000773605182265,10594.630712927092,7381.02630773608,M4
s_b4_sdate_sc_1[3],-0.018718597434998898,0.40415800016048953,-0.9415314558673108,0.821465007062252,1.0000637427809738,8294.346559982341,6965.636978966665,M4
s_b4_sdate_sc_1[4],-0.10721955141613061,0.6297998207720285,-1.6486045509441294,1.0146493878693088,1.0008639866966076,9573.558840565376,6796.546537841477,M4
s_b4_sdate_sc_1[5],-0.013550769592305674,0.7325741010361596,-1.5680345571738727,1.5252349199645119,0.9997822653017742,10862.56922891408,6893.834800217892,M4
s_b4_sdate_sc_1[6],-1.8400030229712768e-4,0.7051775895610813,-1.525003662121333,1.4917901191062133,1.0005137508444617,10455.58199350623,7239.05590845955,M4
s_b4_sdate_sc_1[7],-4.6953636635064533e-5,0.7234454974297421,-1.559088931990725,1.4687808052514377,1.0005772045450871,10294.418139554362,6372.835757457067,M4
s_b4_sdate_sc_1[8],0.020178304590181346,0.7057028823565555,-1.4219922131000697,1.4709143931844921,1.0001604859537887,10156.469908370065,6561.144088206407,M4
b_b1_Intercept,0.052623522884488405,0.45639431553265675,-0.8509837803004354,0.941327590655324,1.0008635753871278,3436.0363875727594,4944.610546774849,M5
b_b2_Intercept,1.248047578939275,0.541373498552866,0.17858600221569704,2.3066067711123,0.9999859868436002,4190.56197302412,5033.170632076898,M5
b_b3_Intercept,0.8429130979377008,0.44504942989062457,-0.029789184899624652,1.7186831289190136,1.0009763024720706,2813.913403893844,3875.3742890456506,M5
b_b4_Intercept,3.0431789333722628,0.5373924761800188,1.9944592486724493,4.111953050924621,1.001971608478128,4949.5712652026,5412.687007116509,M5
b_b1_date_sc,0.4591779219104913,0.19349884432713785,0.08659815925840743,0.8488831772008862,0.9998543762965483,6870.970917070299,5994.143859443616,M5
b_b1_lat_sc,0.15140402951462142,0.17205388612920525,-0.18525295971346945,0.4809880652339757,1.0004655449379416,5838.2511353399,6355.637309274145,M5
b_b1_lon_sc,-0.18195853495019226,0.19050007913709788,-0.5510561432600033,0.19680569595454322,1.0001776742698363,5816.720138470912,5695.991222745692,M5
b_b1_habitatmixedDunclearlandscape,-0.10442443790702485,0.8844538703594013,-1.8555325429590688,1.6044663819690101,1.0011521310162805,12121.092627806134,5751.051270797303,M5
b_b1_habitatmountainDrockylandscape,1.4220566523413039,0.5450020897080456,0.3378518659580503,2.4958244236413267,1.0003404699070009,4602.908971171715,5526.320459742482,M5
b_b1_habitatopencountryside,0.165560995822217,0.49712645858544663,-0.8137028678803355,1.1348857496194265,1.0005540684839067,3898.6613766078017,5433.568464043828,M5
b_b1_habitatriverDlakesidelandscape,0.7134813606943379,0.4885513481314958,-0.25044825654395514,1.6707700286401774,1.0000352977596325,4030.616643388147,5774.025287741135,M5
b_b1_habitaturbanDarchitecturallandscape,-1.3357207875575365,0.5189400797881635,-2.370774577755159,-0.3116159549195274,1.0004468218045315,4501.9770664397565,5425.73864370164,M5
b_b1_habitatwoodlandlandscape,0.7479788254952355,0.5340775481499096,-0.31646720994808636,1.7877615120929011,1.0003313269809508,4474.535046513883,4999.733471382565,M5
b_b2_date_sc,-0.2992250852479834,0.2958251867347297,-0.8756809434861667,0.2831575132080567,1.0004940527811046,4966.686033193372,5577.590812050097,M5
b_b2_lat_sc,-0.6607094510270538,0.2519070408114678,-1.1621973652837296,-0.1620862769869402,1.0007998266542961,5236.232807161821,5617.507542843495,M5
b_b2_lon_sc,-0.10046394969959567,0.2799407279359175,-0.6492104602639592,0.4485160789719304,1.0006261097701281,5173.155244722116,5246.496830198922,M5
b_b2_habitatmixedDunclearlandscape,-0.6100178196274288,0.9541624540420128,-2.454954136076222,1.2770841691049726,1.0008353053810637,11223.544042788724,5848.0460968935395,M5
b_b2_habitatmountainDrockylandscape,0.489371428472519,0.6317611812879979,-0.7675924563344306,1.7188511473101278,1.0004045083645605,6084.93280087708,6342.7272236285435,M5
b_b2_habitatopencountryside,1.5605845723806384,0.5754279867741375,0.426525289138021,2.6868877465657355,0.9999936177970774,5296.018603117939,5409.84104036486,M5
b_b2_habitatriverDlakesidelandscape,-0.5541456820469975,0.5587451750866577,-1.6424485871393506,0.5454714610663656,1.000230218113684,5422.131360846104,5601.713306549671,M5
b_b2_habitaturbanDarchitecturallandscape,0.6376652400953376,0.6130442769476604,-0.5631353621960346,1.8388116804660606,1.000728675063826,6508.137332425366,6057.224646879782,M5
b_b2_habitatwoodlandlandscape,2.3062653557135646,0.600666100888781,1.1108400548611381,3.4977609799660017,1.0005105518141086,5863.588500716729,6082.271685110922,M5
b_b3_date_sc,-0.05875192919644249,0.13681090116440425,-0.3266840445146688,0.21866451397159145,1.0010556479930623,7955.074548294316,6102.718213739218,M5
b_b3_lat_sc,0.1408417087723124,0.11907912346499101,-0.09292330106488143,0.3816130802043722,1.000397358243116,6804.524505390779,6119.359849302747,M5
b_b3_lon_sc,-0.020539014302131463,0.14185992794640348,-0.3021354745925654,0.2586739043084098,0.9999406237596058,7013.470533726926,5675.633037642419,M5
b_b3_habitatmixedDunclearlandscape,1.0625360213842747,0.9028804273356561,-0.7468572818017247,2.7644957111003965,1.0006447162828016,10606.010026972865,6799.446427834184,M5
b_b3_habitatmountainDrockylandscape,0.20063150559647774,0.5108779593034737,-0.7973154761957322,1.199594412412007,1.0005211234629252,3453.548883566427,5113.75534656079,M5
b_b3_habitatopencountryside,0.04625694288194652,0.4688914993851489,-0.8700681188793897,0.9392935341537333,1.001039411033818,3076.1261156998007,4495.863570781414,M5
b_b3_habitatriverDlakesidelandscape,0.15931975748533603,0.4657756021230449,-0.7633002317122458,1.0725322890160809,1.0005923484336796,3016.1479298664008,4714.422535272931,M5
b_b3_habitaturbanDarchitecturallandscape,0.26157639124806065,0.49689822935776906,-0.714490500902346,1.2144200352065628,1.000421365659242,3306.3832062870615,4728.300786551369,M5
b_b3_habitatwoodlandlandscape,0.40546051540706995,0.4862292648817242,-0.5605079289331908,1.3526576068422473,1.0008494450490406,3143.438777255555,4701.432432181352,M5
b_b4_date_sc,-0.400694550229674,0.3254738149038921,-1.0346215889632357,0.2438334180730416,1.0005277976738467,5244.70686588899,5475.11739661818,M5
b_b4_lat_sc,-0.8409643760773429,0.28150943708598086,-1.3832461524296231,-0.29106050070346645,1.0007597423284988,5212.530009859492,5718.049128611882,M5
b_b4_lon_sc,-0.016279778228624375,0.30068218875777686,-0.6037796515569274,0.5641088456594094,1.0003650533058461,4930.657250857667,5505.535483247495,M5
b_b4_habitatmixedDunclearlandscape,0.24122029295340228,0.9354912190348788,-1.592813000466533,2.0923393528386747,1.0009962048425733,12602.815179225312,6233.988590115074,M5
b_b4_habitatmountainDrockylandscape,0.1280719322754521,0.6531115473376073,-1.1220442974443046,1.3960040053984422,1.0005067401887668,6887.496572243604,6115.184319896521,M5
b_b4_habitatopencountryside,0.8720730081483117,0.5990449034735522,-0.2926322306477218,2.0584886400149824,1.0004435079601754,6595.107539302416,5817.92908923233,M5
b_b4_habitatriverDlakesidelandscape,-2.590466047454128,0.565330195397956,-3.700960808461912,-1.4838424296208914,1.000303733460839,6356.000479197467,6200.485353572449,M5
b_b4_habitaturbanDarchitecturallandscape,-0.6273899719200366,0.6594845242867704,-1.9055845512795637,0.6554237731307158,1.000437139411457,7257.929309830398,5881.49413363255,M5
b_b4_habitatwoodlandlandscape,1.232606834093147,0.6380677327727843,0.012527308780659697,2.4776848935883025,1.0004989567366973,6843.941000640526,6477.096885912521,M5
sd_painter__b1_Intercept,0.44608975533022954,0.2750181556966121,0.019238691581214704,1.0154887884591841,1.0013543941159768,1346.1994020830257,2951.8431151201867,M5
sd_painter__b2_Intercept,1.3860827629010641,0.3355266539455288,0.6858052156425337,2.0362307505875044,1.0016210681438273,1340.4731498233125,1168.1491869462266,M5
sd_painter__b3_Intercept,0.18183409955587576,0.14811770885285014,0.005728473712691984,0.5417436109341258,1.0017521363639639,2287.7021796748368,3512.588105231433,M5
sd_painter__b4_Intercept,1.6518029951167725,0.3861679073146926,0.8250760176426374,2.379162229272681,1.001489457917408,1199.2005129143288,1330.907550216726,M5
cor_painter__b1_Intercept__b2_Intercept,-0.1661757213399892,0.33265900360982903,-0.7402918614391711,0.5447668387847142,1.0019632044909945,928.2300070490687,1801.5287697365861,M5
cor_painter__b1_Intercept__b3_Intercept,-0.08904468127626555,0.3818707285270577,-0.7652831142601538,0.6552618501374107,1.0006731647811853,6358.065755906674,5713.322654893043,M5
cor_painter__b2_Intercept__b3_Intercept,-0.033767795670582725,0.36730083180376016,-0.7135962235893802,0.6778793710111004,1.0009334798983844,7193.31249126695,5769.575037254693,M5
cor_painter__b1_Intercept__b4_Intercept,-0.24664049166509616,0.3305016839275934,-0.7849000679206103,0.4875817127862514,1.001997772460587,851.1566058368303,1635.4772435071457,M5
cor_painter__b2_Intercept__b4_Intercept,0.7457516004670613,0.17111613263384504,0.3320539361862054,0.9457878470913524,1.0030520280211273,1704.8980680433308,1771.481029912109,M5
cor_painter__b3_Intercept__b4_Intercept,0.06055859972808691,0.36753961710157257,-0.652612121844836,0.7246459287225513,1.0007175855434942,3239.2722399053723,5098.972851821951,M5
sigma_b1,1.7305144708848466,0.15426461318708423,1.4333020564149,2.0406342303059297,1.0006692094964884,2358.5013468680554,3445.126025914672,M5
sigma_b2,2.290670677196344,0.2219874147870784,1.8890104075159535,2.75149889038627,1.0011414373359895,1701.158134331831,2331.2267635960084,M5
sigma_b3,1.3991988464286158,0.1422327312991886,1.1361718155568108,1.6915012958089828,1.000455579538284,2821.632169284561,4797.863244305769,M5
sigma_b4,2.4377588065932922,0.2320159276758423,2.005166478556696,2.9161560818554055,1.0011985540534685,1464.310555692884,2945.912955181205,M5
nu,1.6966051771351482,0.24093876006635162,1.287919461156058,2.2313219284566013,1.0005135686104407,2506.5169876331474,3937.1194064937204,M5
nu_b1,1,0,1,1,NA,NA,NA,M5
nu_b2,1,0,1,1,NA,NA,NA,M5
nu_b3,1,0,1,1,NA,NA,NA,M5
nu_b4,1,0,1,1,NA,NA,NA,M5
Intercept_b1,0.36169083609501546,0.16954629181039668,0.02307422992213213,0.6932998804382786,1.000139852244704,5599.493868060729,6283.27197090309,M5
Intercept_b2,1.8880704999522484,0.2836724638309012,1.3300804501014019,2.440334206102721,0.9999345092282931,4515.955800613996,5456.439720640554,M5
Intercept_b3,1.0219657103546271,0.12285030012910494,0.7933727393334826,1.2743514668691238,1.0003249721289336,6396.930890704944,4332.242902768491,M5
Intercept_b4,2.5387568577973365,0.31281038308923803,1.9401200234694245,3.1634830479036693,1.000692009245082,4930.951570216107,5954.34986804199,M5
rescor__b1__b2,-0.061781328882780574,0.08307095601899073,-0.220543132837415,0.10224621151955215,1.0011201308062039,4982.040496235083,6124.970760375167,M5
rescor__b1__b3,-0.2185067881981159,0.0730841846425825,-0.3566144033595277,-0.0679031159846226,1.0005223453905565,9480.473327848887,6362.084238897456,M5
rescor__b2__b3,-0.21753159154418447,0.0777623751895017,-0.36521952560379506,-0.06251187013555036,1.0010639169495086,8570.648817160656,6745.847355122037,M5
rescor__b1__b4,-0.29682170935784996,0.07775263375483768,-0.44258491599940264,-0.1340147601764124,1.000467798959151,4543.739851625346,5961.808412133818,M5
rescor__b2__b4,0.4816889850310045,0.0732266327717718,0.3291887295870863,0.617904246191694,1.0002241345293565,4885.646501188925,5554.879143112828,M5
rescor__b3__b4,0.09136873125305807,0.07938877772392387,-0.06782656814792665,0.24546689500417185,1.0000326954451464,8544.69719358088,5750.361289164504,M5
